-- phpMyAdmin SQL Dump
-- version 5.2.1
-- https://www.phpmyadmin.net/
--
-- Host: 127.0.0.1
-- Generation Time: Feb 04, 2026 at 09:50 AM
-- Server version: 10.4.32-MariaDB
-- PHP Version: 8.2.12

SET SQL_MODE = "NO_AUTO_VALUE_ON_ZERO";
START TRANSACTION;
SET time_zone = "+00:00";


/*!40101 SET @OLD_CHARACTER_SET_CLIENT=@@CHARACTER_SET_CLIENT */;
/*!40101 SET @OLD_CHARACTER_SET_RESULTS=@@CHARACTER_SET_RESULTS */;
/*!40101 SET @OLD_COLLATION_CONNECTION=@@COLLATION_CONNECTION */;
/*!40101 SET NAMES utf8mb4 */;

--
-- Database: `acient`
--

-- --------------------------------------------------------

--
-- Table structure for table `item`
--

CREATE TABLE `item` (
  `id` int(11) NOT NULL,
  `name` varchar(100) NOT NULL,
  `information` text DEFAULT NULL,
  `address` varchar(250) DEFAULT NULL,
  `provinces_id` int(11) DEFAULT NULL,
  `type_id` int(11) DEFAULT NULL,
  `year_id` int(11) DEFAULT NULL,
  `image` varchar(255) DEFAULT NULL
) ENGINE=InnoDB DEFAULT CHARSET=utf8mb4 COLLATE=utf8mb4_general_ci;

--
-- Dumping data for table `item`
--

INSERT INTO `item` (`id`, `name`, `information`, `address`, `provinces_id`, `type_id`, `year_id`, `image`) VALUES
(1, 'เครื่องปั้นดินเผา_บ้านเชียง', 'บ้านเชียงเป็นชุมชนที่ตั้งอยู่ในตำบลบ้านเชียง อำเภอหนองหาน จังหวัดอุดรธานี เป็นแหล่งโบราณคดีที่เก่าแก่และสำคัญแห่งหนึ่งในเอเชียอาคเนย์ จากการขุดพบโบราณวัตถุต่าง ๆ ที่พิสูจน์ด้วยวิทยาศาสตร์ได้ว่า ดินแดนแถบเอเชียอาคเนย์เป็นแหล่งที่มีมนุษย์ตั้งถิ่นฐานอาศัยอยู่อย่างต่อเนื่อง จากยุคหินสู่ยุคสำริด จากสังคมบรรพกาล (เร่ร่อนล่าสัตว์) ผ่านมาสู่สังคมเกษตรกรรมมีการผลิตเครื่องมือเครื่องใช้ (ภาชนะดินเผาเขียนสีแดง) ด้วยกรรมวิธีชั้นสูง โดยเฉพาะรู้จักผลิตสำริดมาเป็นเวลานานถึง 4000 ปีมาแล้ว (ธวัช ปุณโณทก, 2542)  วัฒนธรรมบ้านเชียงนั้นครอบคลุมหลายพื้นที่ในภาคอีสาน ทั้งในเขตจังหวัดอุดรธานี สกลนคร นครพนม และขอนแก่น โบราณวัตถุที่พบมากที่สุดได้แก่ ภาชนะดินเผา รองลงมาคือ เครื่องประดับและขวานสำริด นอกจากนั้นยังพบโครงกระดูกของมนุษย์และสัตว์อีกด้วย  ภาชนะดินเผาหรือเครื่องปั้นดินเผาบ้านเชียงนั้น มีเอกลักษณ์ที่รูปแบบและลวดลาย รูปแบบภาชนะที่พบ ได้แก่ ภาชนะก้นกลมปากแตรไม่มีเชิง ภาชนะก้นกลมมีขอบปาก ภาชนะหักมุมแหลมที่ก้น ภาชนะทรงสูงปากแตรหรือมีขอบปากและมีเชิง  ลักษณะเด่นของลวดลายเครื่องปั้นดินเผาบ้านเชียงคือ ลายเขียนสีที่มีเส้นโค้งอ่อนช้อย แสดงอาการเคลื่อนไหวตลอดเวลา การเขียนลายเส้นที่ต่อเนื่องไม่ขาดช่วงและแทรกด้วยลวดลายอิสระ ลวดลายส่วนใหญ่ที่เขียน ได้แก่ ลายก้นหอยที่วนออกหรือเข้าจากศูนย์กลาง ลายก้นหอยมีก้านต่อกัน ลายรูปประแจจีน ลายแบบขอเกี่ยวกัน ลายรูปตัวเอสในวงกลม วงรีหรือรูปไข่ ลายโค้งแบบลูกคลื่น วิธีการสร้างลวดลายของภาชนะดินเผามีหลายแบบ ได้แก่ การทำเป็นร่องบนภาชนะด้วยวิธีการขูด ขีด ขุด สัก หรือกลิ้งลาย การปั้นแปะ และการเขียนสีซึ่งมักจะเขียนด้วยสีแดง  เอกลักษณ์ของวัฒนธรรมบ้านเชียงถูกนำมาใช้ในการพัฒนาผลิตภัณฑ์เครื่องปั้นดินเผาของบ้านเชียงในยุคปัจจุบันทั้งรูปแบบและลวดลาย เพื่อจำหน่ายเป็นของที่ระลึกแก่นักท่องเที่ยว ซึ่งได้รับความนิยมจากผู้ไปศึกษาแหล่งโบราณคดีบ้านเชียงเป็นอย่างมาก อย่างเช่นบ้านคำอ้อ ที่เป็นแหล่งผลิตเครื่องปั้นดินเผาแห่งหนึ่ง ผลิตภัณฑ์เครื่องปั้นดินเผาของที่นี่จะเขียนลวดลายและการลงสีเลียนแบบลวดลายดั้งเดิมของภาชนะดินเผาที่ขุดพบในแหล่งโบราณคดี และอีกส่วนหนึ่งก็ได้เขียนลวดลายตามแบบที่ทางพิพิธภัณฑสถานแห่งชาติบ้านเชียงกำหนดไว้ มีการปรับปรุงวิธีการเขียนสีให้เกาะติดกับภาชนะที่คงทนถาวรมากขึ้นโดยการผสมกาวลงไปเล็กน้อย สีแดงหรือสีน้ำตาลที่ใช้ในการเขียนสีนั้น ได้จากสีของหินลูกรัง ซึ่งมีลักษณะคล้ายก้อนดินแต่มีสีแดง เรียกว่า ตับหิน เมื่อนำมาบดให้ละเอียดแล้วนำไปกรองด้วยผ้าจะได้ฝุ่นสีแดงหรือน้ำตาลแดง นำไปใช้สำหรับการเขียนลวดลาย', 'พิพิธภัณฑสถานแห่งชาติ บ้านเชียง: หมู่ 13 ถนนสุทธิพงษ์ ตำบลบ้านเชียง อำเภอหนองหาน', 18, 1, 5, 'item/Rk80lYTUs0x6WTFvY8mKRl310MPawSIZzYJaSjce.jpg'),
(2, 'ศิลาจารึกพ่อขุนรามคำแหง (หลักที่ 1)', 'เป็นโบราณวัตถุสำคัญสมัยสุโขทัย ค้นพบโดย รัชกาลที่ 4 เมื่อ พ.ศ. 2376 ณ เนินปราสาทเมืองเก่าสุโขทัย ทำจากหินทรายแป้งทรงสี่เหลี่ยมมียอดแหลมมน จารึกอักษรไทย (ลายสือไทย) ด้วยภาษาไทยสมัยสุโขทัย บันทึกเรื่องราวพระราชประวัติ ขนบธรรมเนียม และการสร้างเมือง, ศิลาจารึกสุโขทัย หลักที่ 1 - หอสมุดแห่งชาติ ได้รับการขึ้นทะเบียนเป็นมรดกความทรงจำแห่งโลกในปี พ.ศ. 2546', 'เนินปราสาท เมืองเก่าสุโขทัย จังหวัดสุโขทัย', 10, 3, 7, 'item/z0GTBkKfuMZT0gYcjsqDoTSZdSWVlQsBZ0VAIZOd.jpg'),
(3, 'พระพุทธรูปศิลาขาว', 'เป็นพระพุทธรูปโบราณกว่าพันปี พระพุทธรูปองค์นี้เดิมอยู่ในสถูปเจดีย์วัดทุ่งพระเมรุ ในสมัยรัชกาลที่ 4 ชาวบ้านได้ทำการขนอิฐจากวัดทุ่งพระเมรุซึ่งเป็นวัดร้าง แล้วนำมาบูรณะพระเจดีย์ปฐมเจดีย์ ในขณะที่กำลังขนย้ายได้พบจอมปลวกขนาดใหญ่ และเป็นที่น่าอัศจรรย์เมื่อมีพระเกตุมาลาของพระพุทธรูปโผล่พ้นยอดขึ้นมา เมื่อชาวบ้านเห็นเช่นนั้นจึงทำการทำลายจอมปลวก เมื่อช่วยกันทำลายจอมปลวกออกก็พบกับพระพุทธรูปศิลาองค์นี้ พระพุทธรูปศิลาองค์ที่พบอยู่ในจอมปลวกนี้เป็นองค์ที่สมบูรณ์ที่สุดในกระบวน 4 องค์ และเป็นพระพุทธรูปศิลาขาวที่อายุกว่าหนึ่งพันปี ชุดนี้สร้างไว้ให้ถอดได้เป็นส่วนๆ เมื่อมีความจำเป็นต้องเคลื่อนย้ายก็สามารถถอดออกให้เคลื่อนย้ายจากสถานที่พบมายังวัดพระปฐมเจดีย์', 'พระอุโบสถ วัดพระปฐมเจดีย์ราชวรมหาวิหาร - หน้าวิหารทิศใต้ วัดพระปฐมเจดีย์ราชวรมหาวิหาร', 42, 4, 5, 'item/pnqXf9VFOH51aDbLjdNREnWRbfgyl73U33Tli1bG.jpg'),
(5, 'พระแท่นราชบรรจถรณ์', 'พระแท่นราชบรรจถรณ์ คือ พระแท่นสำหรับพระมหากษัตริย์ทรงบรรทมเพื่อเป็นสิริมงคลในพระราชพิธีบรมราชาภิเษกและเฉลิมพระราชมณเฑียร (ขึ้นบ้านใหม่) จัดประดิษฐานภายในพระที่นั่งจักรพรรดิพิมาน โดยมีพระแท่นลดอยู่ด้านหน้าให้ทรงประทับรับเครื่องราชกกุธภัณฑ์ก่อนเสด็จขึ้นบรรทม ถือเป็นส่วนสำคัญที่แสดงถึงการขึ้นครองราชย์อย่างสมบูรณ์.', 'พระที่นั่งจักรพรรดิพิมาน, หมู่พระมหามณเฑียร, พระบรมมหาราชวัง', 36, 4, 10, 'item/In4mP9xvqNovCx5UDyR7pPwzj2sx5U5rHou8amLh.jpg'),
(6, 'พระพุทธสิหิงค์', 'พระพุทธสิหิงค์ เป็นพระพุทธรูปสำคัญคู่บ้านคู่เมืองของไทย ศิลปะแบบลังกาวงศ์/สุโขทัย ปางมารวิชัย ขัดสมาธิเพชร อัญเชิญมาจากลังกาในสมัยพ่อขุนรามคำแหง ปัจจุบันมี 3 องค์หลัก ประดิษฐาน ณ พระที่นั่งพุทไธสวรรย์ (กรุงเทพฯ),', 'กรุงเทพมหานคร', 36, 1, 7, 'item/Fyz4n5w0ZoDDB6SzMXftjdsDx8Qa68DwZeOj1tPv.jpg'),
(7, 'ตะเกียงโรมัน', 'โบราณวัตถุสำริดศิลปะกรีก-โรมัน ที่ค้นพบที่เมืองโบราณพงตึก จ.กาญจนบุรี ซึ่งเป็นหลักฐานสำคัญแสดงว่าไทยเคยมีการค้าขายกับโลกตะวันตกเมื่อกว่า 2,000 ปีมาแล้ว โดยตะเกียงนี้มีลักษณะเด่นคือฝาปิดเป็นรูปเทพเจ้าซิเลนุส และด้ามจับเป็นลายใบปาล์มกับปลาโลมา สันนิษฐานว่าผลิตขึ้นในอียิปต์สมัยโรมัน (เช่น ที่เมืองอเล็กซานเดรีย) และถูกนำเข้ามาโดยพ่อค้าชาวอินเดีย.', 'ณ เมืองโบราณพงตึก อำเภอท่ามะกา จังหวัดกาญจนบุรี เมื่อ พ.ศ. 2470', 57, 1, 7, 'item/QOtM1huzesDPD32kWudskgDnrmiTD15cp3bXPsNj.jpg');

-- --------------------------------------------------------

--
-- Table structure for table `provinces`
--

CREATE TABLE `provinces` (
  `id` int(11) NOT NULL,
  `province_name` varchar(100) NOT NULL,
  `region_id` int(11) NOT NULL
) ENGINE=InnoDB DEFAULT CHARSET=utf8mb4 COLLATE=utf8mb4_general_ci;

--
-- Dumping data for table `provinces`
--

INSERT INTO `provinces` (`id`, `province_name`, `region_id`) VALUES
(1, 'เชียงใหม่', 1),
(2, 'เชียงราย', 1),
(3, 'ลำปาง', 1),
(4, 'ลำพูน', 1),
(5, 'แพร่', 1),
(6, 'น่าน', 1),
(7, 'พะเยา', 1),
(8, 'แม่ฮ่องสอน', 1),
(9, 'ตาก', 1),
(10, 'สุโขทัย', 1),
(11, 'พิษณุโลก', 1),
(12, 'พิจิตร', 1),
(13, 'อุตรดิตถ์', 1),
(14, 'กำแพงเพชร', 1),
(15, 'อุทัยธานี', 1),
(16, 'ขอนแก่น', 4),
(17, 'นครราชสีมา', 4),
(18, 'อุดรธานี', 4),
(19, 'อุบลราชธานี', 4),
(20, 'ศรีสะเกษ', 4),
(21, 'สุรินทร์', 4),
(22, 'บุรีรัมย์', 4),
(23, 'ชัยภูมิ', 4),
(24, 'เลย', 4),
(25, 'หนองคาย', 4),
(26, 'หนองบัวลำภู', 4),
(27, 'สกลนคร', 4),
(28, 'นครพนม', 4),
(29, 'มุกดาหาร', 4),
(30, 'ยโสธร', 4),
(31, 'อำนาจเจริญ', 4),
(32, 'ร้อยเอ็ด', 4),
(33, 'กาฬสินธุ์', 4),
(34, 'มหาสารคาม', 4),
(35, 'บึงกาฬ', 4),
(36, 'กรุงเทพมหานคร', 3),
(37, 'นนทบุรี', 3),
(38, 'ปทุมธานี', 3),
(39, 'สมุทรปราการ', 3),
(40, 'สมุทรสาคร', 3),
(41, 'สมุทรสงคราม', 3),
(42, 'นครปฐม', 3),
(43, 'พระนครศรีอยุธยา', 3),
(44, 'อ่างทอง', 3),
(45, 'สิงห์บุรี', 3),
(46, 'ลพบุรี', 3),
(47, 'สระบุรี', 3),
(48, 'ชัยนาท', 3),
(49, 'สุพรรณบุรี', 3),
(50, 'นครสวรรค์', 3),
(51, 'ปราจีนบุรี', 3),
(52, 'ฉะเชิงเทรา', 3),
(53, 'ชลบุรี', 3),
(54, 'ระยอง', 3),
(55, 'จันทบุรี', 3),
(56, 'ตราด', 3),
(57, 'กาญจนบุรี', 3),
(58, 'ราชบุรี', 3),
(59, 'เพชรบุรี', 3),
(60, 'ประจวบคีรีขันธ์', 3),
(61, 'ชุมพร', 2),
(62, 'ระนอง', 2),
(63, 'สุราษฎร์ธานี', 2),
(64, 'นครศรีธรรมราช', 2),
(65, 'กระบี่', 2),
(66, 'พังงา', 2),
(67, 'ภูเก็ต', 2),
(68, 'ตรัง', 2),
(69, 'พัทลุง', 2),
(70, 'สตูล', 2),
(71, 'สงขลา', 2),
(72, 'ปัตตานี', 2),
(73, 'ยะลา', 2),
(74, 'นราธิวาส', 2),
(75, 'นครนายก', 3),
(76, 'เพชรบูรณ์', 1),
(77, 'สระแก้ว', 3);

-- --------------------------------------------------------

--
-- Table structure for table `regions`
--

CREATE TABLE `regions` (
  `id` int(11) NOT NULL,
  `name` varchar(100) NOT NULL
) ENGINE=InnoDB DEFAULT CHARSET=utf8mb4 COLLATE=utf8mb4_general_ci;

--
-- Dumping data for table `regions`
--

INSERT INTO `regions` (`id`, `name`) VALUES
(1, 'ภาคเหนือ'),
(2, 'ภาคไต้'),
(3, 'ภาคกลาง'),
(4, 'ภาคตะวันออกเฉียงเหนือ');

-- --------------------------------------------------------

--
-- Table structure for table `type`
--

CREATE TABLE `type` (
  `id` int(11) NOT NULL,
  `name` varchar(100) NOT NULL
) ENGINE=InnoDB DEFAULT CHARSET=utf8mb4 COLLATE=utf8mb4_general_ci;

--
-- Dumping data for table `type`
--

INSERT INTO `type` (`id`, `name`) VALUES
(1, 'เครื่องปั้นดินเผาและเซรามิก'),
(2, 'งานโลหะกรรม'),
(3, 'ศิลาจารึก บันทึกข้อมูล'),
(4, 'งานประติมากรรมและสถาปัตยกรรมชิ้นส่วน');

-- --------------------------------------------------------

--
-- Table structure for table `year`
--

CREATE TABLE `year` (
  `id` int(11) NOT NULL,
  `name` varchar(100) NOT NULL,
  `zone` varchar(30) NOT NULL
) ENGINE=InnoDB DEFAULT CHARSET=utf8mb4 COLLATE=utf8mb4_general_ci;

--
-- Dumping data for table `year`
--

INSERT INTO `year` (`id`, `name`, `zone`) VALUES
(5, 'ก่อนประวัติศาสตร์ไทย', ''),
(6, 'สมัยก่อนสุโขทัย (1180-1792)', 'ยุคประวัติศาสตร์'),
(7, 'สมัยสุโขทัย (1792-2006)', 'ยุคประวัติศาสตร์'),
(8, 'สมัยอยุธยา (1893-2310)', 'ยุคประวัติศาสตร์'),
(9, 'สมัยธนบุรี (2310-2325)', 'ยุคประวัติศาสตร์'),
(10, 'สมัยรัตนโกสินทร์ (2325-ปัจจุบัน)', 'ยุคประวัติศาสตร์');

--
-- Indexes for dumped tables
--

--
-- Indexes for table `item`
--
ALTER TABLE `item`
  ADD PRIMARY KEY (`id`),
  ADD KEY `fk_site_type` (`type_id`),
  ADD KEY `fk_year` (`year_id`),
  ADD KEY `fk_provinces` (`provinces_id`);

--
-- Indexes for table `provinces`
--
ALTER TABLE `provinces`
  ADD PRIMARY KEY (`id`),
  ADD KEY `region_id` (`region_id`);

--
-- Indexes for table `regions`
--
ALTER TABLE `regions`
  ADD PRIMARY KEY (`id`);

--
-- Indexes for table `type`
--
ALTER TABLE `type`
  ADD PRIMARY KEY (`id`);

--
-- Indexes for table `year`
--
ALTER TABLE `year`
  ADD PRIMARY KEY (`id`);

--
-- AUTO_INCREMENT for dumped tables
--

--
-- AUTO_INCREMENT for table `item`
--
ALTER TABLE `item`
  MODIFY `id` int(11) NOT NULL AUTO_INCREMENT, AUTO_INCREMENT=9;

--
-- AUTO_INCREMENT for table `provinces`
--
ALTER TABLE `provinces`
  MODIFY `id` int(11) NOT NULL AUTO_INCREMENT, AUTO_INCREMENT=78;

--
-- AUTO_INCREMENT for table `regions`
--
ALTER TABLE `regions`
  MODIFY `id` int(11) NOT NULL AUTO_INCREMENT, AUTO_INCREMENT=6;

--
-- AUTO_INCREMENT for table `type`
--
ALTER TABLE `type`
  MODIFY `id` int(11) NOT NULL AUTO_INCREMENT, AUTO_INCREMENT=7;

--
-- AUTO_INCREMENT for table `year`
--
ALTER TABLE `year`
  MODIFY `id` int(11) NOT NULL AUTO_INCREMENT, AUTO_INCREMENT=11;

--
-- Constraints for dumped tables
--

--
-- Constraints for table `item`
--
ALTER TABLE `item`
  ADD CONSTRAINT `fk_provinces` FOREIGN KEY (`provinces_id`) REFERENCES `provinces` (`id`),
  ADD CONSTRAINT `fk_site_type` FOREIGN KEY (`type_id`) REFERENCES `type` (`id`),
  ADD CONSTRAINT `fk_year` FOREIGN KEY (`year_id`) REFERENCES `year` (`id`);

--
-- Constraints for table `provinces`
--
ALTER TABLE `provinces`
  ADD CONSTRAINT `provinces_ibfk_1` FOREIGN KEY (`region_id`) REFERENCES `regions` (`id`);
COMMIT;

/*!40101 SET CHARACTER_SET_CLIENT=@OLD_CHARACTER_SET_CLIENT */;
/*!40101 SET CHARACTER_SET_RESULTS=@OLD_CHARACTER_SET_RESULTS */;
/*!40101 SET COLLATION_CONNECTION=@OLD_COLLATION_CONNECTION */;
